<?xml version = '1.0' encoding = 'UTF-8'?>
<relationalModel class="oracle.dbtools.crest.model.design.relational.RelationalDesign" name="Relational_1" id="CD398B5C-66FD-DDF0-0636-41C8AEF5278C" mainViewID="CA7DAF0A-F414-5AA5-4103-82F6199A53B3">
<createdBy>roman</createdBy>
<createdTime>2020-06-19 23:20:56 UTC</createdTime>
<ownerDesignName>n2020bancodedados</ownerDesignName>
<shouldBeOpen>false</shouldBeOpen>
<selectedRDBMSSite>32076570-2523-435C-2E92-BF29817DFF70</selectedRDBMSSite>
</relationalModel>