<?xml version = '1.0' encoding = 'UTF-8'?>
<Diagram class="oracle.dbtools.crest.swingui.logical.DPVLogical" name="Logical" id="CBD279C1-20C9-C137-7B8C-900CFCC79051">
<createdBy>roman</createdBy>
<modifiedBy>roman</modifiedBy>
<createdTime>2020-06-19 23:21:49 UTC</createdTime>
<autoRoute>false</autoRoute>
<boxInbox>true</boxInbox>
<showLegend>false</showLegend>
<showLabels>false</showLabels>
<showRelAttributes>true</showRelAttributes>
<gridEnabled>false</gridEnabled>
<showGrid>false</showGrid>
<diagramColor>-1</diagramColor>
<display>false</display>
<notation>2</notation>
<objectViews>
<OView class="oracle.dbtools.crest.swingui.logical.TVEntity" oid="020BE954-FE5A-D876-C441-899860453A41" otype="Entity" vid="50152C24-3FE3-B7F5-FA9E-C62CB29C2B7A">
<hideElementsInCurrentOnly>false</hideElementsInCurrentOnly>
<bounds x="757" y="233" width="170" height="196"/>
</OView>
<OView class="oracle.dbtools.crest.swingui.TVNote" oid="021AB0B6-8F5E-A3DE-46C9-041ABBC566D1" otype="Note" vid="9472E00F-92F9-742E-9D80-64F8BC683E2D">
<hideElementsInCurrentOnly>false</hideElementsInCurrentOnly>
<bounds x="41" y="373" width="173" height="150"/>
<comment>A tabela T_PP_CONSULTA se refere aos dias da semana em que o paciente possui uma consulta com o psicólogo. A mesma possui uma flag chamada &quot;ds_primeira_consulta&quot;, que serve para identificar se a consulta é a primeira entre o psicólogo e o paciente. Caso seja, ela é gratuita e não faz parte do plano dos dois.</comment>
</OView>
<OView class="oracle.dbtools.crest.swingui.TVNote" oid="02A9439A-12FE-702D-104A-7299D4C0D602" otype="Note" vid="D2CAA011-7D2C-71AC-BCB1-F1855D9552CB">
<hideElementsInCurrentOnly>false</hideElementsInCurrentOnly>
<bounds x="432" y="604" width="168" height="101"/>
<comment>A tabela preco_dia tem a intenção de identificar os valores por dia do psicólogo, justamente por isso ela carrega consigo ids das tabelas dia_da_semana e psicologo</comment>
</OView>
<OView class="oracle.dbtools.crest.swingui.TVNote" oid="1E261C96-A892-34E2-9BD9-AB5C9906725C" otype="Note" vid="20825FBA-6E9F-59BA-2DF8-87D4E1F12635">
<hideElementsInCurrentOnly>false</hideElementsInCurrentOnly>
<bounds x="672" y="446" width="195" height="144"/>
<comment>Na relação entre as entidades PRECO_DIA e PSICOLOGO

nossa regra de negócio é que o psicólogo só pode ter um preço pra cada dia da semana. Não é por
horário, nem por período, por dia, somente.</comment>
</OView>
<OView class="oracle.dbtools.crest.swingui.logical.TVEntity" oid="205A0251-2824-9277-CDC1-6C960B9DFBCA" otype="Entity" vid="161AEB7B-B496-6C66-E4E4-8242C6DA1DFD">
<hideElementsInCurrentOnly>false</hideElementsInCurrentOnly>
<bounds x="416" y="497" width="192" height="83"/>
</OView>
<OView class="oracle.dbtools.crest.swingui.logical.TVEntity" oid="3807C7B7-BF04-78C6-FA1D-BD9BDF95F8A2" otype="Entity" vid="88655332-861F-2821-1FE8-E08C39843C4B">
<hideElementsInCurrentOnly>false</hideElementsInCurrentOnly>
<bounds x="166" y="534" width="170" height="54"/>
</OView>
<OView class="oracle.dbtools.crest.swingui.logical.TVEntity" oid="4CF89371-E3CD-F1C5-C4F7-B80CBE9C2AFE" otype="Entity" vid="AF3270DD-97E3-4924-C62A-7ACB0C8A58B5">
<hideElementsInCurrentOnly>false</hideElementsInCurrentOnly>
<bounds x="6" y="255" width="176" height="99"/>
</OView>
<OView class="oracle.dbtools.crest.swingui.TVNote" oid="66D81F6F-501D-65C0-AC6E-98FF83CEB32C" otype="Note" vid="01445366-F87F-C3FB-3947-3DD18FDAA068">
<hideElementsInCurrentOnly>false</hideElementsInCurrentOnly>
<bounds x="1029" y="171" width="282" height="276"/>
<comment>GRUPO POLUS

1 ANO DE ANÁLISE E DESENVOLVIMENTO DE SISTEMAS

1TDSH

COMPONENTES DO GRUPO:

ERIC LUIZ CAMPOS PESSOA - RM 86405
BRUNA LIVIERE RIBELLI - RM 85859
CARLOS ALEXANDRE OLIVEIRA - RM 85581
JOÃO PEDRO MARQUES NARDI - RM 85846
PEDRO HENRICO ROMANIA - RM 85439
HENRIQUE NEVES LAGO - RM 84549</comment>
</OView>
<OView class="oracle.dbtools.crest.swingui.logical.TVEntity" oid="6A383A1C-510F-4EDB-415C-5EB937B3FF30" otype="Entity" vid="73687E30-37A3-9574-F4EB-F8A6B0278740">
<hideElementsInCurrentOnly>false</hideElementsInCurrentOnly>
<bounds x="240" y="43" width="178" height="113"/>
</OView>
<OView class="oracle.dbtools.crest.swingui.logical.TVEntity" oid="8409FD89-17EC-8992-84DE-10DED4B19315" otype="Entity" vid="0BF1DDFA-5C6A-8CEE-C15A-4C09BB62A693">
<hideElementsInCurrentOnly>false</hideElementsInCurrentOnly>
<bounds x="251" y="206" width="173" height="100"/>
</OView>
<OView class="oracle.dbtools.crest.swingui.TVNote" oid="89D08CD6-B2F8-CE22-B197-EFB8CA237FDF" otype="Note" vid="952D6A21-1065-F16F-B081-6C1EAE35A02D">
<hideElementsInCurrentOnly>false</hideElementsInCurrentOnly>
<bounds x="436" y="275" width="201" height="100"/>
<comment>A tabela video_consulta se refere às consultas de video realizadas a partir de um plano de consultas (ou uma primeira consulta). Justamente por isso, ela carrega consigo um id de uma consulta.</comment>
</OView>
<OView class="oracle.dbtools.crest.swingui.logical.TVEntity" oid="D07FF591-35FF-0090-D05B-840BB346D4EE" otype="Entity" vid="8E59745C-6765-BF08-C24E-0E83739E1F44">
<hideElementsInCurrentOnly>false</hideElementsInCurrentOnly>
<bounds x="227" y="384" width="198" height="99"/>
</OView>
<OView class="oracle.dbtools.crest.swingui.TVNote" oid="F7B5EF71-86A3-9075-3D35-1906CC992F41" otype="Note" vid="E2B02FEF-F0CC-4CE4-DE75-0E86A1B0D7DA">
<hideElementsInCurrentOnly>false</hideElementsInCurrentOnly>
<bounds x="452" y="48" width="203" height="161"/>
<comment>Uma mensagem pode pertencer a uma chamada de video, por isso carrega consigo o id da tabela video_consulta. A tabela também carrega os ids das tabelas paciente e psicologo, para identificação de quem enviou/recebeu a mensagem. A flag ds_paciente tem a intenção de dizer se foi o paciente que enviou a mensagem. Caso o valor seja falso (valor booleano), foi o psicólogo quem enviou a mensagem</comment>
</OView>
</objectViews>
<connectors>
<Connector class="oracle.dbtools.crest.swingui.logical.TVRelation" oid="3747462D-E432-3A24-6601-D8B9BF88F409" otype="Relation" vid_source="AF3270DD-97E3-4924-C62A-7ACB0C8A58B5" vid_target="73687E30-37A3-9574-F4EB-F8A6B0278740">
<hideElementsInCurrentOnly>false</hideElementsInCurrentOnly>
<backgroundColor>-16777216</backgroundColor>
<lineWidth>1</lineWidth>
<points>
<point x="150" y="255"/>
<point x="264" y="156"/>
</points>
</Connector>
<Connector class="oracle.dbtools.crest.swingui.logical.TVRelation" oid="518148EE-31AD-79C2-9C79-36199052C844" otype="Relation" vid_source="88655332-861F-2821-1FE8-E08C39843C4B" vid_target="8E59745C-6765-BF08-C24E-0E83739E1F44">
<hideElementsInCurrentOnly>false</hideElementsInCurrentOnly>
<backgroundColor>-16777216</backgroundColor>
<lineWidth>1</lineWidth>
<points>
<point x="296" y="534"/>
<point x="296" y="483"/>
</points>
</Connector>
<Connector class="oracle.dbtools.crest.swingui.logical.TVRelation" oid="5538AFD4-F8ED-47AA-D66C-12E892D57BF2" otype="Relation" vid_source="8E59745C-6765-BF08-C24E-0E83739E1F44" vid_target="0BF1DDFA-5C6A-8CEE-C15A-4C09BB62A693">
<hideElementsInCurrentOnly>false</hideElementsInCurrentOnly>
<backgroundColor>-16777216</backgroundColor>
<lineWidth>1</lineWidth>
<points>
<point x="337" y="384"/>
<point x="337" y="306"/>
</points>
</Connector>
<Connector class="oracle.dbtools.crest.swingui.logical.TVRelation" oid="92DB5408-2E1D-A877-F438-74DC29EB47E6" otype="Relation" vid_source="88655332-861F-2821-1FE8-E08C39843C4B" vid_target="161AEB7B-B496-6C66-E4E4-8242C6DA1DFD">
<hideElementsInCurrentOnly>false</hideElementsInCurrentOnly>
<backgroundColor>-16777216</backgroundColor>
<lineWidth>1</lineWidth>
<points>
<point x="336" y="557"/>
<point x="416" y="557"/>
</points>
</Connector>
<Connector class="oracle.dbtools.crest.swingui.logical.TVRelation" oid="A0A97608-BF0B-F58D-63A0-15C4A754ED53" otype="Relation" vid_source="50152C24-3FE3-B7F5-FA9E-C62CB29C2B7A" vid_target="73687E30-37A3-9574-F4EB-F8A6B0278740">
<hideElementsInCurrentOnly>false</hideElementsInCurrentOnly>
<backgroundColor>-16777216</backgroundColor>
<lineWidth>1</lineWidth>
<points>
<point x="757" y="292"/>
<point x="418" y="139"/>
</points>
</Connector>
<Connector class="oracle.dbtools.crest.swingui.logical.TVRelation" oid="D529EE4B-A1C3-8A54-47E6-A02AD17A88E3" otype="Relation" vid_source="0BF1DDFA-5C6A-8CEE-C15A-4C09BB62A693" vid_target="73687E30-37A3-9574-F4EB-F8A6B0278740">
<hideElementsInCurrentOnly>false</hideElementsInCurrentOnly>
<backgroundColor>-16777216</backgroundColor>
<lineWidth>1</lineWidth>
<points>
<point x="334" y="206"/>
<point x="334" y="156"/>
</points>
</Connector>
<Connector class="oracle.dbtools.crest.swingui.logical.TVRelation" oid="DCB7D7E8-9911-DB12-11BD-12CCFA845EEB" otype="Relation" vid_source="AF3270DD-97E3-4924-C62A-7ACB0C8A58B5" vid_target="8E59745C-6765-BF08-C24E-0E83739E1F44">
<hideElementsInCurrentOnly>false</hideElementsInCurrentOnly>
<backgroundColor>-16777216</backgroundColor>
<lineWidth>1</lineWidth>
<points>
<point x="182" y="353"/>
<point x="236" y="384"/>
</points>
</Connector>
<Connector class="oracle.dbtools.crest.swingui.logical.TVRelation" oid="E1E571E5-DDAF-417B-0645-DC3696EC8F05" otype="Relation" vid_source="50152C24-3FE3-B7F5-FA9E-C62CB29C2B7A" vid_target="8E59745C-6765-BF08-C24E-0E83739E1F44">
<hideElementsInCurrentOnly>false</hideElementsInCurrentOnly>
<backgroundColor>-16777216</backgroundColor>
<lineWidth>1</lineWidth>
<points>
<point x="757" y="406"/>
<point x="425" y="406"/>
</points>
</Connector>
<Connector class="oracle.dbtools.crest.swingui.logical.TVRelation" oid="FE5C43A9-4E46-10FF-09FC-97923BC6F82C" otype="Relation" vid_source="50152C24-3FE3-B7F5-FA9E-C62CB29C2B7A" vid_target="161AEB7B-B496-6C66-E4E4-8242C6DA1DFD">
<hideElementsInCurrentOnly>false</hideElementsInCurrentOnly>
<backgroundColor>-16777216</backgroundColor>
<lineWidth>1</lineWidth>
<points>
<point x="757" y="384"/>
<point x="578" y="497"/>
</points>
</Connector>
</connectors>
</Diagram>