<?xml version = '1.0' encoding = 'UTF-8'?>
<Entity class="oracle.dbtools.crest.model.design.logical.Entity" directorySegmentName="seg_0" id="020BE954-FE5A-D876-C441-899860453A41" name="T_PP_PSICOLOGO">
<createdBy>roman</createdBy>
<createdTime>2020-06-19 23:23:08 UTC</createdTime>
<ownerDesignName>n2020bancodedados</ownerDesignName>
<engineerTo>
<item key="CD398B5C-66FD-DDF0-0636-41C8AEF5278C" value="true"/>
</engineerTo>
<adequatelyNormalized>NO</adequatelyNormalized>
<expectedVolumes>0</expectedVolumes>
<fwdEngineeringStrategyName>Single Table</fwdEngineeringStrategyName>
<growthPercent>0</growthPercent>
<growthType>Year</growthType>
<maxVolumes>9999999</maxVolumes>
<minVolumes>0</minVolumes>
<normalForm>Third</normalForm>
<attributes itemClass="oracle.dbtools.crest.model.design.logical.Attribute">
<Attribute name="nr_id" id="E8D2B058-CBE0-3DCC-4E14-2FA866A4053B">
<createdBy>roman</createdBy>
<createdTime>2020-06-19 23:23:28 UTC</createdTime>
<ownerDesignName>n2020bancodedados</ownerDesignName>
<engineerTo>
<item key="CD398B5C-66FD-DDF0-0636-41C8AEF5278C" value="true"/>
</engineerTo>
<use>0</use>
<ownDataTypeParameters>,,</ownDataTypeParameters>
</Attribute>
<Attribute name="nr_crp" id="175233E3-A763-E768-1763-10B5FF6862C1">
<createdBy>roman</createdBy>
<createdTime>2020-06-19 23:23:41 UTC</createdTime>
<ownerDesignName>n2020bancodedados</ownerDesignName>
<engineerTo>
<item key="CD398B5C-66FD-DDF0-0636-41C8AEF5278C" value="true"/>
</engineerTo>
<use>0</use>
<ownDataTypeParameters>,,</ownDataTypeParameters>
</Attribute>
<Attribute name="nm_nome" id="4AC472D2-602A-88A0-6ECC-1342C0680760">
<createdBy>roman</createdBy>
<createdTime>2020-06-19 23:23:52 UTC</createdTime>
<ownerDesignName>n2020bancodedados</ownerDesignName>
<engineerTo>
<item key="CD398B5C-66FD-DDF0-0636-41C8AEF5278C" value="true"/>
</engineerTo>
<use>0</use>
<ownDataTypeParameters>,,</ownDataTypeParameters>
</Attribute>
<Attribute name="ds_email" id="4D1485C3-98FA-523D-7B2F-07A180AA417A">
<createdBy>roman</createdBy>
<createdTime>2020-06-19 23:23:57 UTC</createdTime>
<ownerDesignName>n2020bancodedados</ownerDesignName>
<engineerTo>
<item key="CD398B5C-66FD-DDF0-0636-41C8AEF5278C" value="true"/>
</engineerTo>
<use>0</use>
<ownDataTypeParameters>,,</ownDataTypeParameters>
</Attribute>
<Attribute name="ds_senha" id="C75230DA-D3F1-9047-39AE-1B768B7DD083">
<createdBy>roman</createdBy>
<createdTime>2020-06-19 23:24:02 UTC</createdTime>
<ownerDesignName>n2020bancodedados</ownerDesignName>
<engineerTo>
<item key="CD398B5C-66FD-DDF0-0636-41C8AEF5278C" value="true"/>
</engineerTo>
<use>0</use>
<ownDataTypeParameters>,,</ownDataTypeParameters>
</Attribute>
<Attribute name="sg_emissor" id="30D70361-5472-7EE6-D81F-9ADB4390715B">
<createdBy>roman</createdBy>
<createdTime>2020-06-19 23:24:10 UTC</createdTime>
<ownerDesignName>n2020bancodedados</ownerDesignName>
<engineerTo>
<item key="CD398B5C-66FD-DDF0-0636-41C8AEF5278C" value="true"/>
</engineerTo>
<use>0</use>
<ownDataTypeParameters>,,</ownDataTypeParameters>
</Attribute>
<Attribute name="ds_foto" id="2F3AC885-16E9-C917-59FC-0F88E8108762">
<createdBy>roman</createdBy>
<createdTime>2020-06-19 23:24:29 UTC</createdTime>
<ownerDesignName>n2020bancodedados</ownerDesignName>
<engineerTo>
<item key="CD398B5C-66FD-DDF0-0636-41C8AEF5278C" value="true"/>
</engineerTo>
<nullsAllowed>true</nullsAllowed>
<use>0</use>
<ownDataTypeParameters>,,</ownDataTypeParameters>
</Attribute>
<Attribute name="nm_faculdade" id="9D20A894-8442-A145-13F1-4FA858225C78">
<createdBy>roman</createdBy>
<createdTime>2020-06-20 00:19:32 UTC</createdTime>
<ownerDesignName>n2020bancodedados</ownerDesignName>
<engineerTo>
<item key="CD398B5C-66FD-DDF0-0636-41C8AEF5278C" value="true"/>
</engineerTo>
<use>0</use>
<ownDataTypeParameters>,,</ownDataTypeParameters>
</Attribute>
<Attribute name="nm_curso" id="A98F3917-C864-F35D-05A6-134D6D1EFB76">
<createdBy>roman</createdBy>
<createdTime>2020-06-20 00:19:42 UTC</createdTime>
<ownerDesignName>n2020bancodedados</ownerDesignName>
<engineerTo>
<item key="CD398B5C-66FD-DDF0-0636-41C8AEF5278C" value="true"/>
</engineerTo>
<use>0</use>
<ownDataTypeParameters>,,</ownDataTypeParameters>
</Attribute>
<Attribute name="nr_formacao" id="0FF65C3E-B445-87C1-F496-3182B1D58783">
<createdBy>roman</createdBy>
<createdTime>2020-06-20 00:20:11 UTC</createdTime>
<ownerDesignName>n2020bancodedados</ownerDesignName>
<engineerTo>
<item key="CD398B5C-66FD-DDF0-0636-41C8AEF5278C" value="true"/>
</engineerTo>
<use>0</use>
<ownDataTypeParameters>,,</ownDataTypeParameters>
</Attribute>
<Attribute name="ds_recado" id="33C7FBCF-36EA-E500-8ED3-F42A20BC5B0A">
<createdBy>roman</createdBy>
<createdTime>2020-06-20 00:19:49 UTC</createdTime>
<ownerDesignName>n2020bancodedados</ownerDesignName>
<engineerTo>
<item key="CD398B5C-66FD-DDF0-0636-41C8AEF5278C" value="true"/>
</engineerTo>
<nullsAllowed>true</nullsAllowed>
<use>0</use>
<ownDataTypeParameters>,,</ownDataTypeParameters>
</Attribute>
<Attribute name="ds_endereco" id="3C90D303-B8C8-A8C0-4421-87562703CE92">
<createdBy>roman</createdBy>
<createdTime>2020-06-20 00:21:37 UTC</createdTime>
<ownerDesignName>n2020bancodedados</ownerDesignName>
<engineerTo>
<item key="CD398B5C-66FD-DDF0-0636-41C8AEF5278C" value="true"/>
</engineerTo>
<use>0</use>
<ownDataTypeParameters>,,</ownDataTypeParameters>
</Attribute>
</attributes>
<identifiers itemClass="oracle.dbtools.crest.model.design.logical.CandidateKey">
<identifier id="2D42D0DE-7F33-865D-940B-7FDC4DBA8D03" name="T_PP_PSICÓLOGO PK">
<createdBy>roman</createdBy>
<createdTime>2020-06-19 23:23:39 UTC</createdTime>
<ownerDesignName>n2020bancodedados</ownerDesignName>
<engineerTo>
<item key="CD398B5C-66FD-DDF0-0636-41C8AEF5278C" value="true"/>
</engineerTo>
<pk>true</pk>
<usedAttributes>
<attributeRef>E8D2B058-CBE0-3DCC-4E14-2FA866A4053B</attributeRef>
</usedAttributes>
</identifier>
</identifiers>
</Entity>