<?xml version = '1.0' encoding = 'UTF-8'?>
<Entity class="oracle.dbtools.crest.model.design.logical.Entity" directorySegmentName="seg_0" id="205A0251-2824-9277-CDC1-6C960B9DFBCA" name="T_PP_PRECO_DIA">
<createdBy>roman</createdBy>
<createdTime>2020-06-19 23:57:10 UTC</createdTime>
<ownerDesignName>n2020bancodedados</ownerDesignName>
<engineerTo>
<item key="CD398B5C-66FD-DDF0-0636-41C8AEF5278C" value="true"/>
</engineerTo>
<adequatelyNormalized>NO</adequatelyNormalized>
<expectedVolumes>0</expectedVolumes>
<fwdEngineeringStrategyName>Single Table</fwdEngineeringStrategyName>
<growthPercent>0</growthPercent>
<growthType>Year</growthType>
<maxVolumes>9999999</maxVolumes>
<minVolumes>0</minVolumes>
<normalForm>Third</normalForm>
<attributes itemClass="oracle.dbtools.crest.model.design.logical.Attribute">
<Attribute name="nr_id" id="9E38ED2F-12FE-A08A-F3B2-BF0584B9F050">
<createdBy>roman</createdBy>
<createdTime>2020-06-19 23:57:27 UTC</createdTime>
<ownerDesignName>n2020bancodedados</ownerDesignName>
<engineerTo>
<item key="CD398B5C-66FD-DDF0-0636-41C8AEF5278C" value="true"/>
</engineerTo>
<use>0</use>
<ownDataTypeParameters>,,</ownDataTypeParameters>
</Attribute>
<Attribute name="nr_id_psicologo" id="810AC8F5-956A-8A42-016B-EF1D5BC4BC13">
<createdBy>roman</createdBy>
<createdTime>2020-06-19 23:58:17 UTC</createdTime>
<generatorID>FE5C43A9-4E46-10FF-09FC-97923BC6F82C</generatorID>
<ownerDesignName>n2020bancodedados</ownerDesignName>
<engineerTo>
<item key="CD398B5C-66FD-DDF0-0636-41C8AEF5278C" value="true"/>
</engineerTo>
<referedAttribute>E8D2B058-CBE0-3DCC-4E14-2FA866A4053B</referedAttribute>
<use>0</use>
<ownDataTypeParameters>,,</ownDataTypeParameters>
</Attribute>
<Attribute name="nr_id_dia_semana" id="CF75946E-DAFE-8270-DE17-06A6BDFB4049">
<createdBy>roman</createdBy>
<createdTime>2020-06-20 00:01:34 UTC</createdTime>
<generatorID>92DB5408-2E1D-A877-F438-74DC29EB47E6</generatorID>
<ownerDesignName>n2020bancodedados</ownerDesignName>
<engineerTo>
<item key="CD398B5C-66FD-DDF0-0636-41C8AEF5278C" value="true"/>
</engineerTo>
<referedAttribute>FE43F189-EC20-1266-3F8B-8F3F91C29586</referedAttribute>
<use>0</use>
<ownDataTypeParameters>,,</ownDataTypeParameters>
</Attribute>
<Attribute name="nr_valor" id="98BDDF06-861A-8CF7-4D55-9CAEB1212272">
<createdBy>roman</createdBy>
<createdTime>2020-06-20 00:16:27 UTC</createdTime>
<ownerDesignName>n2020bancodedados</ownerDesignName>
<engineerTo>
<item key="CD398B5C-66FD-DDF0-0636-41C8AEF5278C" value="true"/>
</engineerTo>
<use>0</use>
<ownDataTypeParameters>,,</ownDataTypeParameters>
</Attribute>
</attributes>
<identifiers itemClass="oracle.dbtools.crest.model.design.logical.CandidateKey">
<identifier id="202844BE-4B82-7195-884F-61DC53EDAF96" name="T_PP_PRECO_DIA PK">
<createdBy>roman</createdBy>
<createdTime>2020-06-19 23:57:34 UTC</createdTime>
<ownerDesignName>n2020bancodedados</ownerDesignName>
<engineerTo>
<item key="CD398B5C-66FD-DDF0-0636-41C8AEF5278C" value="true"/>
</engineerTo>
<pk>true</pk>
<usedAttributes>
<attributeRef>9E38ED2F-12FE-A08A-F3B2-BF0584B9F050</attributeRef>
</usedAttributes>
</identifier>
</identifiers>
</Entity>