<?xml version = '1.0' encoding = 'UTF-8'?>
<Entity class="oracle.dbtools.crest.model.design.logical.Entity" directorySegmentName="seg_0" id="3807C7B7-BF04-78C6-FA1D-BD9BDF95F8A2" name="T_PP_DIA_DA_SEMANA">
<createdBy>roman</createdBy>
<createdTime>2020-06-19 23:53:26 UTC</createdTime>
<ownerDesignName>n2020bancodedados</ownerDesignName>
<engineerTo>
<item key="CD398B5C-66FD-DDF0-0636-41C8AEF5278C" value="true"/>
</engineerTo>
<adequatelyNormalized>NO</adequatelyNormalized>
<expectedVolumes>0</expectedVolumes>
<fwdEngineeringStrategyName>Single Table</fwdEngineeringStrategyName>
<growthPercent>0</growthPercent>
<growthType>Year</growthType>
<maxVolumes>9999999</maxVolumes>
<minVolumes>0</minVolumes>
<normalForm>Third</normalForm>
<attributes itemClass="oracle.dbtools.crest.model.design.logical.Attribute">
<Attribute name="nr_id_dia_semana" id="FE43F189-EC20-1266-3F8B-8F3F91C29586">
<createdBy>roman</createdBy>
<createdTime>2020-06-19 23:53:37 UTC</createdTime>
<ownerDesignName>n2020bancodedados</ownerDesignName>
<engineerTo>
<item key="CD398B5C-66FD-DDF0-0636-41C8AEF5278C" value="true"/>
</engineerTo>
<use>0</use>
<ownDataTypeParameters>,,</ownDataTypeParameters>
</Attribute>
<Attribute name="nm_nome" id="8F16C4A2-6F00-1D77-088C-B4C702AFEA66">
<createdBy>roman</createdBy>
<createdTime>2020-06-19 23:53:41 UTC</createdTime>
<ownerDesignName>n2020bancodedados</ownerDesignName>
<engineerTo>
<item key="CD398B5C-66FD-DDF0-0636-41C8AEF5278C" value="true"/>
</engineerTo>
<use>0</use>
<ownDataTypeParameters>,,</ownDataTypeParameters>
</Attribute>
</attributes>
<identifiers itemClass="oracle.dbtools.crest.model.design.logical.CandidateKey">
<identifier id="A160F6CD-7346-40CD-AB9D-0AB62F0A4D98" name="T_PP_DIA_DA_SEMANA PK">
<createdBy>roman</createdBy>
<createdTime>2020-06-19 23:53:43 UTC</createdTime>
<ownerDesignName>n2020bancodedados</ownerDesignName>
<engineerTo>
<item key="CD398B5C-66FD-DDF0-0636-41C8AEF5278C" value="true"/>
</engineerTo>
<pk>true</pk>
<usedAttributes>
<attributeRef>FE43F189-EC20-1266-3F8B-8F3F91C29586</attributeRef>
</usedAttributes>
</identifier>
</identifiers>
</Entity>