<?xml version = '1.0' encoding = 'UTF-8'?>
<Entity class="oracle.dbtools.crest.model.design.logical.Entity" directorySegmentName="seg_0" id="4CF89371-E3CD-F1C5-C4F7-B80CBE9C2AFE" name="T_PP_PACIENTE">
<createdBy>roman</createdBy>
<createdTime>2020-06-19 23:21:49 UTC</createdTime>
<ownerDesignName>n2020bancodedados</ownerDesignName>
<engineerTo>
<item key="CD398B5C-66FD-DDF0-0636-41C8AEF5278C" value="true"/>
</engineerTo>
<adequatelyNormalized>NO</adequatelyNormalized>
<expectedVolumes>0</expectedVolumes>
<fwdEngineeringStrategyName>Single Table</fwdEngineeringStrategyName>
<growthPercent>0</growthPercent>
<growthType>Year</growthType>
<maxVolumes>9999999</maxVolumes>
<minVolumes>0</minVolumes>
<normalForm>Third</normalForm>
<attributes itemClass="oracle.dbtools.crest.model.design.logical.Attribute">
<Attribute name="nr_id" id="C2EB2E54-980B-FCBF-7300-2FED01EDCFDE">
<createdBy>roman</createdBy>
<createdTime>2020-06-19 23:22:01 UTC</createdTime>
<ownerDesignName>n2020bancodedados</ownerDesignName>
<engineerTo>
<item key="CD398B5C-66FD-DDF0-0636-41C8AEF5278C" value="true"/>
</engineerTo>
<use>0</use>
<ownDataTypeParameters>,,</ownDataTypeParameters>
</Attribute>
<Attribute name="nm_nome" id="82515B38-83BB-B84A-F1D7-48EB08EF49EB">
<createdBy>roman</createdBy>
<createdTime>2020-06-19 23:22:16 UTC</createdTime>
<ownerDesignName>n2020bancodedados</ownerDesignName>
<engineerTo>
<item key="CD398B5C-66FD-DDF0-0636-41C8AEF5278C" value="true"/>
</engineerTo>
<use>0</use>
<ownDataTypeParameters>,,</ownDataTypeParameters>
</Attribute>
<Attribute name="ds_email" id="7504810C-5ED3-263F-DD96-B0535CCA5FC6">
<createdBy>roman</createdBy>
<createdTime>2020-06-19 23:22:37 UTC</createdTime>
<ownerDesignName>n2020bancodedados</ownerDesignName>
<engineerTo>
<item key="CD398B5C-66FD-DDF0-0636-41C8AEF5278C" value="true"/>
</engineerTo>
<use>0</use>
<ownDataTypeParameters>,,</ownDataTypeParameters>
</Attribute>
<Attribute name="ds_senha" id="1A5C1CDB-77E3-FE8E-218B-0E696E0EEE7D">
<createdBy>roman</createdBy>
<createdTime>2020-06-19 23:22:43 UTC</createdTime>
<ownerDesignName>n2020bancodedados</ownerDesignName>
<engineerTo>
<item key="CD398B5C-66FD-DDF0-0636-41C8AEF5278C" value="true"/>
</engineerTo>
<use>0</use>
<ownDataTypeParameters>,,</ownDataTypeParameters>
</Attribute>
<Attribute name="ds_foto" id="5AB77D6D-EBD9-3FDD-ADE2-EE84692ADD02">
<createdBy>roman</createdBy>
<createdTime>2020-06-19 23:22:48 UTC</createdTime>
<ownerDesignName>n2020bancodedados</ownerDesignName>
<engineerTo>
<item key="CD398B5C-66FD-DDF0-0636-41C8AEF5278C" value="true"/>
</engineerTo>
<nullsAllowed>true</nullsAllowed>
<use>0</use>
<ownDataTypeParameters>,,</ownDataTypeParameters>
</Attribute>
</attributes>
<identifiers itemClass="oracle.dbtools.crest.model.design.logical.CandidateKey">
<identifier id="9B855B74-C0C7-4BB9-83E6-E4163E86BD29" name="T_PP_PACIENTE PK">
<createdBy>roman</createdBy>
<createdTime>2020-06-19 23:22:13 UTC</createdTime>
<ownerDesignName>n2020bancodedados</ownerDesignName>
<engineerTo>
<item key="CD398B5C-66FD-DDF0-0636-41C8AEF5278C" value="true"/>
</engineerTo>
<pk>true</pk>
<newElementsIDs>C2EB2E54-980B-FCBF-7300-2FED01EDCFDE</newElementsIDs>
<usedAttributes>
<attributeRef>C2EB2E54-980B-FCBF-7300-2FED01EDCFDE</attributeRef>
</usedAttributes>
</identifier>
</identifiers>
</Entity>