<?xml version = '1.0' encoding = 'UTF-8'?>
<Entity class="oracle.dbtools.crest.model.design.logical.Entity" directorySegmentName="seg_0" id="6A383A1C-510F-4EDB-415C-5EB937B3FF30" name="T_PP_MENSAGEM">
<createdBy>roman</createdBy>
<createdTime>2020-06-19 23:50:14 UTC</createdTime>
<ownerDesignName>n2020bancodedados</ownerDesignName>
<engineerTo>
<item key="CD398B5C-66FD-DDF0-0636-41C8AEF5278C" value="true"/>
</engineerTo>
<adequatelyNormalized>NO</adequatelyNormalized>
<expectedVolumes>0</expectedVolumes>
<fwdEngineeringStrategyName>Single Table</fwdEngineeringStrategyName>
<growthPercent>0</growthPercent>
<growthType>Year</growthType>
<maxVolumes>9999999</maxVolumes>
<minVolumes>0</minVolumes>
<normalForm>Third</normalForm>
<attributes itemClass="oracle.dbtools.crest.model.design.logical.Attribute">
<Attribute name="nr_id" id="09AC54E8-EDF4-1F12-8A99-2BF5CDDD8EF8">
<createdBy>roman</createdBy>
<createdTime>2020-06-19 23:50:30 UTC</createdTime>
<ownerDesignName>n2020bancodedados</ownerDesignName>
<engineerTo>
<item key="CD398B5C-66FD-DDF0-0636-41C8AEF5278C" value="true"/>
</engineerTo>
<use>0</use>
<ownDataTypeParameters>,,</ownDataTypeParameters>
</Attribute>
<Attribute name="nr_id_paciente" id="65682958-FF83-7206-5328-7BA1C2BACE78">
<createdBy>roman</createdBy>
<createdTime>2020-06-20 01:55:23 UTC</createdTime>
<generatorID>3747462D-E432-3A24-6601-D8B9BF88F409</generatorID>
<ownerDesignName>n2020bancodedados</ownerDesignName>
<engineerTo>
<item key="CD398B5C-66FD-DDF0-0636-41C8AEF5278C" value="true"/>
</engineerTo>
<referedAttribute>C2EB2E54-980B-FCBF-7300-2FED01EDCFDE</referedAttribute>
<use>0</use>
<ownDataTypeParameters>,,</ownDataTypeParameters>
</Attribute>
<Attribute name="nr_id_psicologo" id="53A46F20-DE04-87A2-0B3A-6EBF3D5C5124">
<createdBy>roman</createdBy>
<createdTime>2020-06-20 01:55:38 UTC</createdTime>
<generatorID>A0A97608-BF0B-F58D-63A0-15C4A754ED53</generatorID>
<ownerDesignName>n2020bancodedados</ownerDesignName>
<engineerTo>
<item key="CD398B5C-66FD-DDF0-0636-41C8AEF5278C" value="true"/>
</engineerTo>
<referedAttribute>E8D2B058-CBE0-3DCC-4E14-2FA866A4053B</referedAttribute>
<use>0</use>
<ownDataTypeParameters>,,</ownDataTypeParameters>
</Attribute>
<Attribute name="nr_id_video_consulta" id="3446D55A-4374-DF4A-DBA0-9759F23E1B76">
<createdBy>roman</createdBy>
<createdTime>2020-06-19 23:52:12 UTC</createdTime>
<generatorID>D529EE4B-A1C3-8A54-47E6-A02AD17A88E3</generatorID>
<ownerDesignName>n2020bancodedados</ownerDesignName>
<engineerTo>
<item key="CD398B5C-66FD-DDF0-0636-41C8AEF5278C" value="true"/>
</engineerTo>
<referedAttribute>40AB659B-5102-C849-2A1D-193400466180</referedAttribute>
<use>0</use>
<ownDataTypeParameters>,,</ownDataTypeParameters>
</Attribute>
<Attribute name="nr_hora" id="FAC401C6-D6ED-8917-964D-C1841E2250FE">
<createdBy>roman</createdBy>
<createdTime>2020-06-19 23:50:59 UTC</createdTime>
<ownerDesignName>n2020bancodedados</ownerDesignName>
<engineerTo>
<item key="CD398B5C-66FD-DDF0-0636-41C8AEF5278C" value="true"/>
</engineerTo>
<use>0</use>
<ownDataTypeParameters>,,</ownDataTypeParameters>
</Attribute>
<Attribute name="ds_paciente" id="C3E9C5AD-5616-36C9-946C-1AA5E402617D">
<createdBy>roman</createdBy>
<createdTime>2020-06-20 01:56:52 UTC</createdTime>
<ownerDesignName>n2020bancodedados</ownerDesignName>
<engineerTo>
<item key="CD398B5C-66FD-DDF0-0636-41C8AEF5278C" value="true"/>
</engineerTo>
<use>0</use>
<ownDataTypeParameters>,,</ownDataTypeParameters>
</Attribute>
</attributes>
<identifiers itemClass="oracle.dbtools.crest.model.design.logical.CandidateKey">
<identifier id="ACCCE4D0-CBED-EDFB-A312-E0CE54AC0F03" name="T_PP_MENSAGEM PK">
<createdBy>roman</createdBy>
<createdTime>2020-06-19 23:50:39 UTC</createdTime>
<ownerDesignName>n2020bancodedados</ownerDesignName>
<engineerTo>
<item key="CD398B5C-66FD-DDF0-0636-41C8AEF5278C" value="true"/>
</engineerTo>
<pk>true</pk>
<usedAttributes>
<attributeRef>09AC54E8-EDF4-1F12-8A99-2BF5CDDD8EF8</attributeRef>
</usedAttributes>
</identifier>
</identifiers>
</Entity>