<?xml version = '1.0' encoding = 'UTF-8'?>
<Entity class="oracle.dbtools.crest.model.design.logical.Entity" directorySegmentName="seg_0" id="8409FD89-17EC-8992-84DE-10DED4B19315" name="T_PP_VIDEO_CONSULTA">
<createdBy>roman</createdBy>
<createdTime>2020-06-19 23:32:55 UTC</createdTime>
<ownerDesignName>n2020bancodedados</ownerDesignName>
<engineerTo>
<item key="CD398B5C-66FD-DDF0-0636-41C8AEF5278C" value="true"/>
</engineerTo>
<adequatelyNormalized>NO</adequatelyNormalized>
<expectedVolumes>0</expectedVolumes>
<fwdEngineeringStrategyName>Single Table</fwdEngineeringStrategyName>
<growthPercent>0</growthPercent>
<growthType>Year</growthType>
<maxVolumes>9999999</maxVolumes>
<minVolumes>0</minVolumes>
<normalForm>Third</normalForm>
<attributes itemClass="oracle.dbtools.crest.model.design.logical.Attribute">
<Attribute name="nr_id" id="40AB659B-5102-C849-2A1D-193400466180">
<createdBy>roman</createdBy>
<createdTime>2020-06-19 23:33:04 UTC</createdTime>
<ownerDesignName>n2020bancodedados</ownerDesignName>
<engineerTo>
<item key="CD398B5C-66FD-DDF0-0636-41C8AEF5278C" value="true"/>
</engineerTo>
<use>0</use>
<ownDataTypeParameters>,,</ownDataTypeParameters>
</Attribute>
<Attribute name="nr_id_consulta" id="2F871739-39A5-8572-B085-6CBBB2268E90">
<createdBy>roman</createdBy>
<createdTime>2020-06-19 23:46:12 UTC</createdTime>
<generatorID>5538AFD4-F8ED-47AA-D66C-12E892D57BF2</generatorID>
<ownerDesignName>n2020bancodedados</ownerDesignName>
<engineerTo>
<item key="CD398B5C-66FD-DDF0-0636-41C8AEF5278C" value="true"/>
</engineerTo>
<referedAttribute>236ECD2C-7D00-2108-8625-5E377B19B663</referedAttribute>
<use>0</use>
<ownDataTypeParameters>,,</ownDataTypeParameters>
</Attribute>
<Attribute name="nr_dia" id="FA13E293-BF17-BD17-9255-A72499204D6B">
<createdBy>roman</createdBy>
<createdTime>2020-06-19 23:33:14 UTC</createdTime>
<ownerDesignName>n2020bancodedados</ownerDesignName>
<engineerTo>
<item key="CD398B5C-66FD-DDF0-0636-41C8AEF5278C" value="true"/>
</engineerTo>
<use>0</use>
<ownDataTypeParameters>,,</ownDataTypeParameters>
</Attribute>
<Attribute name="nr_hora" id="FEF6C186-B064-891C-B281-FB80110B7D2B">
<createdBy>roman</createdBy>
<createdTime>2020-06-19 23:33:19 UTC</createdTime>
<ownerDesignName>n2020bancodedados</ownerDesignName>
<engineerTo>
<item key="CD398B5C-66FD-DDF0-0636-41C8AEF5278C" value="true"/>
</engineerTo>
<use>0</use>
<ownDataTypeParameters>,,</ownDataTypeParameters>
</Attribute>
<Attribute name="nr_duracao" id="C7EF057E-A25F-0993-AF66-6B09844CD5CD">
<createdBy>roman</createdBy>
<createdTime>2020-06-19 23:33:31 UTC</createdTime>
<ownerDesignName>n2020bancodedados</ownerDesignName>
<engineerTo>
<item key="CD398B5C-66FD-DDF0-0636-41C8AEF5278C" value="true"/>
</engineerTo>
<use>0</use>
<ownDataTypeParameters>,,</ownDataTypeParameters>
</Attribute>
</attributes>
<identifiers itemClass="oracle.dbtools.crest.model.design.logical.CandidateKey">
<identifier id="1DEDCCCD-F1AE-D08E-1407-3124D56980CA" name="T_PP_VIDEO_CONSULTA PK">
<createdBy>roman</createdBy>
<createdTime>2020-06-19 23:33:09 UTC</createdTime>
<ownerDesignName>n2020bancodedados</ownerDesignName>
<engineerTo>
<item key="CD398B5C-66FD-DDF0-0636-41C8AEF5278C" value="true"/>
</engineerTo>
<pk>true</pk>
<usedAttributes>
<attributeRef>40AB659B-5102-C849-2A1D-193400466180</attributeRef>
</usedAttributes>
</identifier>
</identifiers>
</Entity>