<?xml version = '1.0' encoding = 'UTF-8'?>
<Entity class="oracle.dbtools.crest.model.design.logical.Entity" directorySegmentName="seg_0" id="D07FF591-35FF-0090-D05B-840BB346D4EE" name="T_PP_CONSULTA">
<createdBy>roman</createdBy>
<createdTime>2020-06-19 23:26:33 UTC</createdTime>
<ownerDesignName>n2020bancodedados</ownerDesignName>
<engineerTo>
<item key="CD398B5C-66FD-DDF0-0636-41C8AEF5278C" value="true"/>
</engineerTo>
<adequatelyNormalized>NO</adequatelyNormalized>
<expectedVolumes>0</expectedVolumes>
<fwdEngineeringStrategyName>Single Table</fwdEngineeringStrategyName>
<growthPercent>0</growthPercent>
<growthType>Year</growthType>
<maxVolumes>9999999</maxVolumes>
<minVolumes>0</minVolumes>
<normalForm>Third</normalForm>
<attributes itemClass="oracle.dbtools.crest.model.design.logical.Attribute">
<Attribute name="nr_id" id="236ECD2C-7D00-2108-8625-5E377B19B663">
<createdBy>roman</createdBy>
<createdTime>2020-06-19 23:26:46 UTC</createdTime>
<ownerDesignName>n2020bancodedados</ownerDesignName>
<engineerTo>
<item key="CD398B5C-66FD-DDF0-0636-41C8AEF5278C" value="true"/>
</engineerTo>
<use>0</use>
<ownDataTypeParameters>,,</ownDataTypeParameters>
</Attribute>
<Attribute name="nr_id_paciente" id="B9893458-A716-4F10-A794-2B2C51D025B3">
<createdBy>roman</createdBy>
<createdTime>2020-06-19 23:30:46 UTC</createdTime>
<generatorID>DCB7D7E8-9911-DB12-11BD-12CCFA845EEB</generatorID>
<ownerDesignName>n2020bancodedados</ownerDesignName>
<engineerTo>
<item key="CD398B5C-66FD-DDF0-0636-41C8AEF5278C" value="true"/>
</engineerTo>
<referedAttribute>C2EB2E54-980B-FCBF-7300-2FED01EDCFDE</referedAttribute>
<use>0</use>
<ownDataTypeParameters>,,</ownDataTypeParameters>
</Attribute>
<Attribute name="nr_id_psicologo" id="251CFA0C-33C2-EB05-6EE8-2AB3CEC39E29">
<createdBy>roman</createdBy>
<createdTime>2020-06-19 23:32:06 UTC</createdTime>
<generatorID>E1E571E5-DDAF-417B-0645-DC3696EC8F05</generatorID>
<ownerDesignName>n2020bancodedados</ownerDesignName>
<engineerTo>
<item key="CD398B5C-66FD-DDF0-0636-41C8AEF5278C" value="true"/>
</engineerTo>
<referedAttribute>E8D2B058-CBE0-3DCC-4E14-2FA866A4053B</referedAttribute>
<use>0</use>
<ownDataTypeParameters>,,</ownDataTypeParameters>
</Attribute>
<Attribute name="nr_id_dia_semana" id="CF5F2A8F-5262-14DC-3334-A1B57DF55995">
<createdBy>CLIENTE</createdBy>
<createdTime>2020-06-20 21:00:06 UTC</createdTime>
<generatorID>518148EE-31AD-79C2-9C79-36199052C844</generatorID>
<ownerDesignName>n2020bancodedados</ownerDesignName>
<engineerTo>
<item key="CD398B5C-66FD-DDF0-0636-41C8AEF5278C" value="true"/>
</engineerTo>
<referedAttribute>FE43F189-EC20-1266-3F8B-8F3F91C29586</referedAttribute>
<use>0</use>
<ownDataTypeParameters>,,</ownDataTypeParameters>
</Attribute>
<Attribute name="ds_primeira_consulta" id="692CC116-DDA8-DBC5-7E59-1BB64EC3B53C">
<createdBy>roman</createdBy>
<createdTime>2020-06-19 23:26:53 UTC</createdTime>
<ownerDesignName>n2020bancodedados</ownerDesignName>
<engineerTo>
<item key="CD398B5C-66FD-DDF0-0636-41C8AEF5278C" value="true"/>
</engineerTo>
<use>0</use>
<ownDataTypeParameters>,,</ownDataTypeParameters>
</Attribute>
</attributes>
<identifiers itemClass="oracle.dbtools.crest.model.design.logical.CandidateKey">
<identifier id="765BD2F5-42C8-BE56-6317-4AD847E69D01" name="T_PP_CONSULTA PK">
<createdBy>roman</createdBy>
<createdTime>2020-06-19 23:26:53 UTC</createdTime>
<ownerDesignName>n2020bancodedados</ownerDesignName>
<engineerTo>
<item key="CD398B5C-66FD-DDF0-0636-41C8AEF5278C" value="true"/>
</engineerTo>
<pk>true</pk>
<usedAttributes>
<attributeRef>236ECD2C-7D00-2108-8625-5E377B19B663</attributeRef>
</usedAttributes>
</identifier>
</identifiers>
</Entity>