<?xml version = '1.0' encoding = 'UTF-8'?>
<Relation class="oracle.dbtools.crest.model.design.logical.Relation" name="ENVIARv2" directorySegmentName="seg_0" id="3747462D-E432-3A24-6601-D8B9BF88F409">
<createdBy>roman</createdBy>
<createdTime>2020-06-20 01:55:23 UTC</createdTime>
<ownerDesignName>n2020bancodedados</ownerDesignName>
<engineerTo>
<item key="CD398B5C-66FD-DDF0-0636-41C8AEF5278C" value="true"/>
</engineerTo>
<sourcePk>9B855B74-C0C7-4BB9-83E6-E4163E86BD29</sourcePk>
<identifying>false</identifying>
<optionalSource>true</optionalSource>
<optionalTarget>false</optionalTarget>
<sourceCardinality>1</sourceCardinality>
<sourceEntity>4CF89371-E3CD-F1C5-C4F7-B80CBE9C2AFE</sourceEntity>
<targetCardinalityString>*</targetCardinalityString>
<targetEntity>6A383A1C-510F-4EDB-415C-5EB937B3FF30</targetEntity>
<transferable>true</transferable>
<deleteRule>NO ACTION</deleteRule>
</Relation>