<?xml version = '1.0' encoding = 'UTF-8'?>
<Relation class="oracle.dbtools.crest.model.design.logical.Relation" name="CHECAR" directorySegmentName="seg_0" id="518148EE-31AD-79C2-9C79-36199052C844">
<createdBy>CLIENTE</createdBy>
<createdTime>2020-06-20 21:00:06 UTC</createdTime>
<ownerDesignName>n2020bancodedados</ownerDesignName>
<engineerTo>
<item key="CD398B5C-66FD-DDF0-0636-41C8AEF5278C" value="true"/>
</engineerTo>
<sourcePk>A160F6CD-7346-40CD-AB9D-0AB62F0A4D98</sourcePk>
<identifying>false</identifying>
<optionalSource>true</optionalSource>
<optionalTarget>false</optionalTarget>
<sourceCardinality>1</sourceCardinality>
<sourceEntity>3807C7B7-BF04-78C6-FA1D-BD9BDF95F8A2</sourceEntity>
<targetCardinalityString>*</targetCardinalityString>
<targetEntity>D07FF591-35FF-0090-D05B-840BB346D4EE</targetEntity>
<transferable>true</transferable>
<deleteRule>NO ACTION</deleteRule>
</Relation>