<?xml version = '1.0' encoding = 'UTF-8'?>
<Relation class="oracle.dbtools.crest.model.design.logical.Relation" name="TER" directorySegmentName="seg_0" id="5538AFD4-F8ED-47AA-D66C-12E892D57BF2">
<createdBy>roman</createdBy>
<createdTime>2020-06-19 23:46:12 UTC</createdTime>
<ownerDesignName>n2020bancodedados</ownerDesignName>
<engineerTo>
<item key="CD398B5C-66FD-DDF0-0636-41C8AEF5278C" value="true"/>
</engineerTo>
<sourcePk>765BD2F5-42C8-BE56-6317-4AD847E69D01</sourcePk>
<identifying>false</identifying>
<optionalSource>true</optionalSource>
<optionalTarget>false</optionalTarget>
<sourceCardinality>1</sourceCardinality>
<sourceEntity>D07FF591-35FF-0090-D05B-840BB346D4EE</sourceEntity>
<targetCardinalityString>1</targetCardinalityString>
<targetEntity>8409FD89-17EC-8992-84DE-10DED4B19315</targetEntity>
<transferable>true</transferable>
<deleteRule>NO ACTION</deleteRule>
</Relation>