<?xml version = '1.0' encoding = 'UTF-8'?>
<Relation class="oracle.dbtools.crest.model.design.logical.Relation" name="CHECARv2" directorySegmentName="seg_0" id="92DB5408-2E1D-A877-F438-74DC29EB47E6">
<createdBy>roman</createdBy>
<createdTime>2020-06-20 00:01:34 UTC</createdTime>
<ownerDesignName>n2020bancodedados</ownerDesignName>
<engineerTo>
<item key="CD398B5C-66FD-DDF0-0636-41C8AEF5278C" value="true"/>
</engineerTo>
<sourcePk>A160F6CD-7346-40CD-AB9D-0AB62F0A4D98</sourcePk>
<identifying>false</identifying>
<optionalSource>true</optionalSource>
<optionalTarget>false</optionalTarget>
<sourceCardinality>1</sourceCardinality>
<sourceEntity>3807C7B7-BF04-78C6-FA1D-BD9BDF95F8A2</sourceEntity>
<targetCardinalityString>*</targetCardinalityString>
<targetEntity>205A0251-2824-9277-CDC1-6C960B9DFBCA</targetEntity>
<transferable>true</transferable>
<deleteRule>NO ACTION</deleteRule>
</Relation>