<?xml version = '1.0' encoding = 'UTF-8'?>
<Relation class="oracle.dbtools.crest.model.design.logical.Relation" name="ENVIARv3" directorySegmentName="seg_0" id="A0A97608-BF0B-F58D-63A0-15C4A754ED53">
<createdBy>roman</createdBy>
<createdTime>2020-06-20 01:55:38 UTC</createdTime>
<ownerDesignName>n2020bancodedados</ownerDesignName>
<engineerTo>
<item key="CD398B5C-66FD-DDF0-0636-41C8AEF5278C" value="true"/>
</engineerTo>
<sourcePk>2D42D0DE-7F33-865D-940B-7FDC4DBA8D03</sourcePk>
<identifying>false</identifying>
<optionalSource>true</optionalSource>
<optionalTarget>false</optionalTarget>
<sourceCardinality>1</sourceCardinality>
<sourceEntity>020BE954-FE5A-D876-C441-899860453A41</sourceEntity>
<targetCardinalityString>*</targetCardinalityString>
<targetEntity>6A383A1C-510F-4EDB-415C-5EB937B3FF30</targetEntity>
<transferable>true</transferable>
<deleteRule>NO ACTION</deleteRule>
</Relation>