<?xml version = '1.0' encoding = 'UTF-8'?>
<Relation class="oracle.dbtools.crest.model.design.logical.Relation" name="ENVIAR" directorySegmentName="seg_0" id="D529EE4B-A1C3-8A54-47E6-A02AD17A88E3">
<createdBy>roman</createdBy>
<createdTime>2020-06-19 23:52:12 UTC</createdTime>
<ownerDesignName>n2020bancodedados</ownerDesignName>
<engineerTo>
<item key="CD398B5C-66FD-DDF0-0636-41C8AEF5278C" value="true"/>
</engineerTo>
<sourcePk>1DEDCCCD-F1AE-D08E-1407-3124D56980CA</sourcePk>
<identifying>false</identifying>
<optionalSource>true</optionalSource>
<optionalTarget>false</optionalTarget>
<sourceCardinality>1</sourceCardinality>
<sourceEntity>8409FD89-17EC-8992-84DE-10DED4B19315</sourceEntity>
<targetCardinalityString>*</targetCardinalityString>
<targetEntity>6A383A1C-510F-4EDB-415C-5EB937B3FF30</targetEntity>
<transferable>true</transferable>
<deleteRule>NO ACTION</deleteRule>
</Relation>