<?xml version = '1.0' encoding = 'UTF-8'?>
<Relation class="oracle.dbtools.crest.model.design.logical.Relation" name="PARTICIPAR" directorySegmentName="seg_0" id="DCB7D7E8-9911-DB12-11BD-12CCFA845EEB">
<createdBy>roman</createdBy>
<createdTime>2020-06-19 23:30:46 UTC</createdTime>
<ownerDesignName>n2020bancodedados</ownerDesignName>
<engineerTo>
<item key="CD398B5C-66FD-DDF0-0636-41C8AEF5278C" value="true"/>
</engineerTo>
<sourcePk>9B855B74-C0C7-4BB9-83E6-E4163E86BD29</sourcePk>
<identifying>false</identifying>
<optionalSource>true</optionalSource>
<optionalTarget>false</optionalTarget>
<sourceCardinality>1</sourceCardinality>
<sourceEntity>4CF89371-E3CD-F1C5-C4F7-B80CBE9C2AFE</sourceEntity>
<targetCardinalityString>*</targetCardinalityString>
<targetEntity>D07FF591-35FF-0090-D05B-840BB346D4EE</targetEntity>
<transferable>true</transferable>
<deleteRule>NO ACTION</deleteRule>
</Relation>