<?xml version = '1.0' encoding = 'UTF-8'?>
<Relation class="oracle.dbtools.crest.model.design.logical.Relation" name="REALIZAR" directorySegmentName="seg_0" id="E1E571E5-DDAF-417B-0645-DC3696EC8F05">
<createdBy>roman</createdBy>
<createdTime>2020-06-19 23:32:06 UTC</createdTime>
<ownerDesignName>n2020bancodedados</ownerDesignName>
<engineerTo>
<item key="CD398B5C-66FD-DDF0-0636-41C8AEF5278C" value="true"/>
</engineerTo>
<sourcePk>2D42D0DE-7F33-865D-940B-7FDC4DBA8D03</sourcePk>
<identifying>false</identifying>
<optionalSource>true</optionalSource>
<optionalTarget>false</optionalTarget>
<sourceCardinality>1</sourceCardinality>
<sourceEntity>020BE954-FE5A-D876-C441-899860453A41</sourceEntity>
<targetCardinalityString>*</targetCardinalityString>
<targetEntity>D07FF591-35FF-0090-D05B-840BB346D4EE</targetEntity>
<transferable>true</transferable>
<deleteRule>NO ACTION</deleteRule>
</Relation>