<?xml version = '1.0' encoding = 'UTF-8'?>
<Relation class="oracle.dbtools.crest.model.design.logical.Relation" name="INFORMAR" directorySegmentName="seg_0" id="FE5C43A9-4E46-10FF-09FC-97923BC6F82C">
<createdBy>roman</createdBy>
<createdTime>2020-06-19 23:58:17 UTC</createdTime>
<ownerDesignName>n2020bancodedados</ownerDesignName>
<engineerTo>
<item key="CD398B5C-66FD-DDF0-0636-41C8AEF5278C" value="true"/>
</engineerTo>
<sourcePk>2D42D0DE-7F33-865D-940B-7FDC4DBA8D03</sourcePk>
<identifying>false</identifying>
<optionalSource>true</optionalSource>
<optionalTarget>false</optionalTarget>
<sourceCardinality>1</sourceCardinality>
<sourceEntity>020BE954-FE5A-D876-C441-899860453A41</sourceEntity>
<targetCardinalityString>*</targetCardinalityString>
<targetEntity>205A0251-2824-9277-CDC1-6C960B9DFBCA</targetEntity>
<transferable>true</transferable>
<deleteRule>NO ACTION</deleteRule>
</Relation>